Name, Age, Gender, Email, Phone Number
John Smith, 32, Male, johnsmith@gmail.com, 555-555-1234
Emily Johnson, 27, Female, emilyj@gmail.com, 555-555-5678
Michael Lee, 45, Male, mlee@yahoo.com, 555-555-9012
Sarah Wilson, 29, Female, swilson@hotmail.com, 555-555-3456
David Kim, 38, Male, dkim@gmail.com, 555-555-7890
Samantha Chen, 31, Female, schen@yahoo.com, 555-555-2345
James Nguyen, 24, Male, jnguyen@hotmail.com, 555-555-6789
Ashley Davis, 36, Female, adavis@gmail.com, 555-555-0123
William Brown, 53, Male, wbrown@yahoo.com, 555-555-4567
Natalie Hernandez, 28, Female, nhernandez@hotmail.com, 555-555-8901
Brian Wilson, 43, Male, bwilson@gmail.com, 555-555-2345
Jessica Lee, 26, Female, jlee@yahoo.com, 555-555-6789
Eric Johnson, 35, Male, ejohnson@hotmail.com, 555-555-0123
Catherine Kim, 29, Female, ckim@gmail.com, 555-555-4567
Timothy Nguyen, 33, Male, tnguyen@yahoo.com, 555-555-8901
Katherine Brown, 46, Female, kbrown@hotmail.com, 555-555-2345
Jonathan Davis, 39, Male, jdavis@gmail.com, 555-555-6789
Megan Smith, 31, Female, msmith@yahoo.com, 555-555-0123
Alexander Hernandez, 42, Male, ahernandez@hotmail.com, 555-555-4567
Lauren Wilson, 25, Female, lwilson@gmail.com, 555-555-8901
Andrew Lee, 34, Male, alee@yahoo.com, 555-555-2345
Melanie Johnson, 30, Female, mjohnson@hotmail.com, 555-555-6789
Nicholas Kim, 37, Male, nkim@gmail.com, 555-555-0123
Stephanie Nguyen, 27, Female, snguyen@yahoo.com, 555-555-4567
Brandon Brown, 49, Male, bbrown@hotmail.com, 555-555-8901
Christine Davis, 32, Female, cdavis@gmail.com, 555-555-2345
Jacob Smith, 23, Male, jsmith@yahoo.com, 555-555-6789
Amanda Hernandez, 41, Female, ahernandez@hotmail.com, 555-555-0123
Kevin Wilson, 38, Male, kwilson@gmail.com, 555-555-4567
Olivia Lee, 29, Female, olee@yahoo.com, 555-555-8901
Derek Johnson, 36, Male, djohnson@hotmail.com, 555-555-2345
Rachel Kim, 27, Female, rkim@gmail.com, 555-555-6789
Daniel Nguyen, 31, Male, dnguyen@yahoo.com, 555-555-0123
Tiffany Brown, 44, Female, tbrown@hotmail.com, 555-
